Group,SamAccountName
Contractors,cesarg
Contractors,davidm
Contractors,aaronp
Contractors,brads
Contractors,stano
Contractors,jennim
Contractors,ellena
Contractors,pedert
Contractors,maryc
Contractors,lisaa
Contractors,jiml
Contractors,garethc
Contractors,davidh
Contractors,reinac
Contractors,robiny
Contractors,peters
Contractors,vladime
Contractors,estherv
Contractors,lorik
Contractors,frankm
Contractors,williav
Contractors,sameert
Contractors,jonj
Contractors,miker
Contractors,roberto
Contractors,lisam
Contractors,jimc
Contractors,jesuse
Contractors,idanr
Contractors,donh
Contractors,blained
Contractors,annew
Contractors,allisob
Contractors,sanjayp
Contractors,rolandw
Contractors,davidd
Contractors,johny
Contractors,scottr
Contractors,humbera
Contractors,davids1
Contractors,andersm
Contractors,alexans
Contractors,stuartm
Contractors,qiongw
Contractors,michiko
Contractors,michaez
Contractors,maurict
Contractors,guidop
Contractors,jessica
Contractors,terrenp
Contractors,hugog
Contractors,jeremyl
Contractors,johng
Contractors,linaa
Contractors,markh
Contractors,jakas
Contractors,stevenw
Contractors,doughm
Contractors,andread
Contractors,carlosg
Contractors,chrism
Contractors,danb
Contractors,danield
Contractors,scottm
Contractors,reneel
Contractors,carid
Contractors,alfonsp
Contractors,matth
Contractors,ibent
Contractors,magnush
Contractors,erica
Contractors,treyp
Contractors,parnak
Contractors,kimr
Contractors,jank
Contractors,thomash
Contractors,lolans
Contractors,johne
Contractors,junc
Contractors,tonyw
Contractors,kennetc
Contractors,stevem
Contractors,lubork
Contractors,michael
Contractors,michal1
Contractors,michaes
Contractors,rayc
Contractors,dianeg
Contractors,kenm
Contractors,arleneh
Accounting,karimm
Accounting,chasec
Accounting,jamesw
Accounting,larsh
Accounting,jillf
Accounting,joell
Accounting,chrisjoh
Engineering,christk
Engineering,davidz
Engineering,carolt
Engineering,cliffd
Engineering,cheny
Engineering,bernart
Engineering,aris
Engineering,allang
Engineering,valeryu
Engineering,corinnb
Engineering,tonym
Engineering,sunilk
Engineering,simonp
Engineering,pauld
Engineering,katet
Engineering,chrisg
Engineering,stephed
Engineering,olivief
Engineering,michelf
Engineering,erwinz
Engineering,chrisjohn
Operations,adamb
Operations,dianet
Operations,kellyw
Operations,arturol
Operations,keithd
Operations,bens
Operations,davidz
Operations,carolt
Operations,erikac
Operations,cliffd
Operations,cheny
Operations,bernart
Operations,aris
Operations,allang
Operations,valeryu
Operations,corinnb
Operations,mchielw
Operations,roby
Operations,michaem
Operations,jellev
Operations,tonym
Operations,sunilk
Operations,simonp
Operations,pauld
Operations,katet
Operations,chrisg
Operations,stephed
Operations,olivief
Operations,michelf
Operations,erwinz
Operations,lukask
Operations,kene
Operations,justint
Operations,jong
Operations,job
Operations,hansg
Operations,davidb1
Operations,maried
Operations,kevink
Operations,kaia
Operations,heinrif
Operations,brianc
Operations,krisj
Operations,chrisjohn
Operations,alicah0
Operations,mikaylaf0
Operations,harryt0
Operations,ryand0
Operations,alanah0
Operations,sofial0
Operations,seanl0
Operations,masoni0
Operations,dylana0
Operations,islap0
Operations,pipers0
Operations,hunterh0
Operations,archiep0
Operations,phoebed0
Operations,alext0
Operations,blakep0
Operations,jeremys0
Operations,claudiab0
Operations,poppyl0
Operations,williamp0
Operations,madelinek0
Operations,zoem0
Operations,jasminep0
Operations,joelc0
Operations,tahliao0
Operations,hannahc0
Operations,keiraa0
Operations,jacku0
Executives,danj
Executives,frankm1
Executives,jeffh
Executives,christg
Executives,sanjays
Executives,tonip
Executives,jimd
Human Resources,garthf
Human Resources,amya
Human Resources,iant
Marketing,dianep
Marketing,kellyk
Marketing,pieterw
Marketing,sunilu
Marketing,christj
Marketing,felipem
Marketing,johnev
Marketing,phyllih
Marketing,jordaom
Marketing,chrisj
Project Management,alans
Project Management,chrisn
Project Management,andrewm
Project Management,scottb
Project Management,miken
Project Management,barryj
Project Management,briang
Project Management,manueam
Project Management,ivos
Project Management,denisd
Project Management,chrisb
Project Management,aylak
Project Management,alisal
Project Management,simonr
Project Management,robb
Project Management,nedf
Project Management,richart
Project Management,donf
Project Management,daven
Project Management,christr
Project Management,tedb
Project Management,seanp
Project Management,raym
Project Management,miket
Project Management,margara
Project Management,jespera
Project Management,dannio
Project Management,andyj
Project Management,nuriag
Project Management,terrye
Sales,danp
Sales,jackc
Sales,alanb
Sales,davids
Sales,eduardd
Sales,spencel
Sales,larryz
Sales,aprils
Sales,arthury
Sales,stevel
Sales,joses
Sales,lenea
Sales,johnk
Sales,lucad
Sales,howardg
Sales,elizaba
Sales,davidw
Sales,hazema
Sales,tyc
Sales,tomy
Sales,kerimh
Sales,jamier
Sales,yex
Sales,markoz
Sales,fabricc
Sales,pavels
Sales,vernettp
Sales,nates
Sales,tinam
Sales,neilo
Sales,lukaa
Sales,euang
Sales,eranh
Sales,michaeo
Sales,kima
Sales,svenb
Sales,ericg
Sales,erikg
Sales,dominip
Sales,danh
Sales,tinal
Sales,nunof
Sales,marus
Sales,marcf
Sales,karif
Sales,scottg
Sales,ginab
Sales,anneliz
Sales,davidb
Sales,aliciat
Sales,marcelt
Sales,manishc
Sales,luisb
Sales,kevinv
Sales,kirkj
Sales,patricd
Sales,rong
Sales,shmuely
Sales,jennyl
Sales,joshe
Sales,chrisjohns
Service Accounts,mssqladmin
Service Accounts,oracle
Service Accounts,splunk
Service Accounts,rapid7admin
Service Accounts,tenable
Service Accounts,mcafee-epo
Service Accounts,cisco
Service Accounts,paloadmin
Senior Management,annal
Senior Management,mollyc
Senior Management,juliani
Senior Management,cassieh
Senior Management,seanc
Senior Management,toddr
Senior Management,gregw
Senior Management,karenb
Management,annal
Management,mollyc
Management,juliani
Management,syeda
Management,karinl
Management,meravs
Management,tobyn
Management,tado
Management,jeffw
Management,jasonc
Management,toshm
Management,lorrain
Management,cassieh
Management,seanc
Management,toddr
Management,tail
Management,gregw
Management,karenb
Information Technology,kellyw
Information Technology,arturol
Information Technology,roby
Information Technology,maried
Information Technology,kevink
Information Technology,kaia
Information Technology,heinrif
Information Technology,krisj
Information Technology,islap0
Management,alans
Management,cesarg
Management,davidm
Management,alanb
Management,eduardd
Management,spencel
Management,larryz
Management,aaronp
Management,andrewm
Management,brads
Management,stevel
Management,scottb
Management,kellyk
Management,stano
Management,miken
Management,ellena
Management,carolt
Management,pedert
Management,maryc
Management,lisaa
Management,jiml
Management,garethc
Management,reinac
Management,robiny
Management,peters
Management,vladime
Management,estherv
Management,roberto
Management,sanjayp
Management,carid
Management,alfonsp
Management,matth
Management,magnush
Management,erica
Management,larsh
Management,dianeg
Management,manueam
Management,simonr
Management,tedb
Management,seanp
Management,raym
Management,miket
Management,margara
Management,dannio
Management,andyj
Management,nuriag
Management,iant
Management,mikaylaf0
Management,pipers0
Management,blakep0
